spot_id,name,latitude,longitude,altitude,type,wind_direction,site_id
3086,Raná,50.4064952356796,13.7710344793497,417,takeoff,E-S,1
3087,Raná,50.4062568330602,13.7697955743334,413,takeoff,W-NNW,1
3088,Raná,50.4058024019148,13.778212128479,294,landing,,1
3089,Raná,50.4052429710492,13.7629127250298,301,landing,,1
3248,Javorový,49.6289516425648,18.6272206616018,923,takeoff,NNW-NE,2
3250,Javorový,49.6280595437776,18.6270925838358,938,takeoff,W-WNW,2
3236,Javorový,49.6416469837886,18.6398255037348,447,landing,,2
3040,Kozákov,50.5933690241882,15.2633888064955,743,takeoff,S-W,3
3042,Kozákav,50.5871363184422,15.2573086722188,497,landing,,3
3018,Černá hora,50.649407,15.739982,1245,takeoff,SSE-SW,4
3024,Černá hora,50.634018,15.726703,686,landing,,4
3001,Krupka,50.696461,13.876743,646,takeoff,SE-S,5
3007,Krupka,50.682072,13.880222,245,landing,,5
3362,Svatobor,49.235069,13.486144,821,takeoff,SSW-SW,6
3363,Svatobor,49.234339,13.491885,806,takeoff,NE-E,6
3359,Svatobor,49.242250,13.512067,487,landing,,6
3278,Skalka,49.554166,18.299236,933,takeoff,SW-W,7
3279,Skalka,49.549458,18.280343,511,landing,,7
3322,Doubrava,49.432941,13.202316,704,takeoff,W-N,8
999925,Doubrava,49.437709,13.187519,416,landing,,8
3267,Uhřínov,49.577504,17.664713,431,takeoff,S,9
3270,Uhřínov,49.5751,17.6606,347,landing,,9
3117,Jeviněves,50.338229,14.323352,258,takeoff,E-SSE,10
3142,Dolní Morava,50.149805,16.828682,1077,takeoff,W-WNW,11
3141,Slamník,50.154229,16.837384,1216,takeoff,SW,11
3145,Dolní Morava,50.139764,16.810480,704,landing,,11
3034,Čerťák,50.619466,14.053252,433,takeoff,N-NNE,12
3030,Čerťák,50.63292,14.04823,143,landing,,12
3073,Zvičina,50.453492,15.698127,653,takeoff,E,13
3072,Zvičina,50.457249,15.694450,637,takeoff,NNE-NE,13
3071,Zvičina,50.461279,15.699870,481,landing,,13
99991,Zvičina,50.4536,15.7079,457,landing,,13
3135,Řevničov,50.1866,13.7911,500,takeoff,SSW,14
3286,Velký Javorník,49.527282,18.162077,891,takeoff,NNE-NE,15
3283,Veřovice,49.535102,18.134710,472,landing,,15
3284,Trojanovice,49.531450,18.196920,435,landing,,15
2995,Zásada,50.7048,15.2642,670,takeoff,SE,16
3198,Srbce,49.917093,16.056604,371,takeoff,W,17
3294,Švihov,49.4937,13.2668,479,takeoff,E,18
3202,Suchomasty,49.901045,14.061425,406,takeoff,SSW-WSW,19
99992,Suchomasty - top,49.8971,14.0619,370,landing,,19
99993,Suchomasty,49.8989,14.0599,340,landing,,19
3364,Kalovy,49.2327,13.546,710,takeoff,NW,20
2993,Rašovka,50.7085,15.0165,793,takeoff,S-SW,21
3000,Rašovka,50.696936,14.999661,406,landing,,21
3193,Cukrák,49.9381,14.335,370,takeoff,WNW-NW,22
99994,Cukrák - top,49.93,14.3405,350,landing,,22
99995,Cukrák,49.9376,14.3244,200,landing,,22
3023,Brná,50.6355,14.0741,450,takeoff,SSW,23
999926,Brná - top,50.6395,14.0688,445,landing,,23
99996,Brná,50.6317,14.0583,180,landing,,23
18616,Straník,49.236447,18.825584,762,takeoff,SE-N,24
18615,Straník - top,49.236754,18.817890,590,landing,,24
18620,Straník,49.222906,18.814348,350,landing,,24
18746,Donovaly,48.8887,19.2301,1343,takeoff,ESE-SW,25
18754,Donovaly,48.876611,19.234636,909,landing,,25
18714,Horná Súča,48.9567,17.9929,551,takeoff,W-S,26
18713,Horná Súča,48.960705,17.986592,378,landing,,26
18709,Sľubica,48.9734,20.8719,1108,takeoff,SW-NW,27
18706,Sľubica,48.9845,20.8505,644,landing,,27
18669,Martinské hole,49.096634,18.824333,1423,takeoff,ENE-ESE,28
18667,Martinské hole,49.104143,18.901172,449,landing,,28
18879,Orešany,48.4581,17.4125,526,takeoff,SE-SSE,29
18880,Orešany,48.454301,17.428228,188,landing,,29
3417,Velký Lopeník,48.915200,17.782400,872,takeoff,SSE-SWW,30
18740,Velký Lopeník,48.903871,17.791257,605,landing,,30
18851,Slopovo,48.5947,19.8439,823,takeoff,N-SW,31
18856,Slopovo,48.576886,19.846765,405,landing,,31
18609,Kubínska hoľa,49.269611,19.253977,1394,takeoff,SE-S,32
18611,Kubínska hoľa,49.250859,19.270218,760,landing,,32
18779,Podkonické Pleše,48.816221,19.242302,950,takeoff,SSE-SSW,33
1581,Emberger Alm,46.772547,13.149638,1735,takeoff,SSE-SW,34
1570,Emberger Alm,46.776796,13.149940,1890,takeoff,SE-SSW,34
1612,Berg im Drautal,46.744022,13.127396,605,landing,,34
1611,Greifenburg Fliegercamp,46.746616,13.192339,593,landing,,34
640,Bischling,47.463811,13.299127,1805,takeoff,E,35
643,Bischling,47.462390,13.297299,1800,takeoff,SW-W,35
646,Bischling,47.461770,13.298167,1810,takeoff,S-SW,35
649,Zaglau,47.459495,13.269548,930,landing,,35
1193,Schöckl,47.198380,15.459588,1413,takeoff,NW-N,36
1187,Schöckl,47.201165,15.475596,1400,takeoff,E-S,36
1160,Plenzengreith,47.213596,15.479762,964,landing,,36
1214,Radegund,47.185561,15.484113,788,landing,,36
1230,Schöckel HG,47.173531,15.492456,673,landing,,36
214,Hohe Wand,47.829378,16.041627,912,takeoff,E-S,37
213,Hohe Wand,47.830246,16.046292,865,takeoff,SE-S,37
210,Hohe Wand - top,47.831869,16.042380,885,landing,,37
222,Weidekehre,47.827335,16.051141,558,landing,,37
223,Mautstation,47.825373,16.059651,497,landing,,37
225,Maiersdorf,47.819012,16.067472,399,landing,,37
226,Hohe Wand HG,47.818536,16.066265,407,landing,,37
386,Unterberghorn,47.631691,12.431785,1487,takeoff,NNW-NE,38
388,Unterberghorn,47.631185,12.431082,1490,takeoff,SW-W,38
390,Unterberghorn,47.630210,12.433167,1535,takeoff,NE,38
394,Unterberghorn,47.625656,12.436283,1640,takeoff,N-NE,38
99997,Unterberghorn,47.624633,12.436017,1640,takeoff,SW-W,38
364,Kössen Fliegerbar,47.656518,12.419949,606,landing,,38
369,Kössen bei Seilbahn,47.653442,12.422441,614,landing,,38
244,Gaisberg,47.804883,13.113942,1263,takeoff,N-NE,39
245,Gaisberg,47.804429,13.110472,1256,takeoff,NW-N,39
248,Gaisberg,47.803331,13.109524,1257,takeoff,SW-WNW,39
227,Guggenthal,47.817972,13.102083,619,landing,,39
267,Aigen (Camping),47.781407,13.090567,440,landing,,39
1642,Gerlitzen,46.693051,13.914613,1897,takeoff,E-ESE,40
1643,Gerlitzen,46.692819,13.913644,1897,takeoff,S-W,40
1638,Gerlitzen,46.693030,13.913030,1897,takeoff,S-SW,40
1649,Kanzelhöhe,46.673671,13.896923,1465,takeoff,SSE-SSW,40
1652,Ossiachberg,46.669274,13.904657,1050,takeoff,SE-S,40
1658,Flieger Base,46.653977,13.888998,500,landing,,40
1660,Gerlitzen,46.653210,13.890830,500,landing,,40
1656,Gerlitzen Tandem,46.655153,13.880889,500,landing,,40
789,Andelsbuch Niedere,47.403584,9.938718,1550,takeoff,NW-N,41
803,Hintere Niedere,47.399075,9.944915,1685,takeoff,SE-SW,41
802,Baumgartenalpe,47.399101,9.934687,1575,takeoff,S-W,41
833,Bezau,47.384481,9.914515,680,landing,,41
772,Andelsbuch,47.412030,9.908856,655,landing,,41
1331,Elfer Unten,47.097800,11.323600,1780,takeoff,NW-NE,42
1334,Elferhütte,47.094737,11.319850,1984,takeoff,NW-NE,42
99998,Elferhütte,47.095417,11.321306,1947,takeoff,NE-E,42
1310,Elfer,47.112479,11.315596,971,landing,,42
1131,Kulm,47.228516,15.762128,940,takeoff,E-S,43
1134,Kulm,47.228195,15.795293,390,landing,,43
1137,Kulm,47.227350,15.776582,610,landing,,43
1276,Schlick 2000,47.145081,11.307597,2100,takeoff,NE-S,44
1266,Schlick 2000,47.147989,11.344790,920,landing,,44
352,Hutterer Höß,47.668060,14.176439,1792,takeoff,N-NE,45
354,Hutterer Höß,47.665974,14.166254,1730,takeoff,SW,45
355,Hutterer Höß,47.664911,14.169977,1802,takeoff,SW-W,45
366,Schafkögel,47.655621,14.174561,2000,takeoff,SW,45
327,Hinterstoder,47.698828,14.151450,590,landing,,45
1675,Radsberg,46.572583,14.402389,815,takeoff,E-S,46
1676,Radsberg,46.567959,14.422539,410,landing,,46
1678,Radsberg HG,46.559418,14.409010,410,landing,,46
156,Herndleck,47.928345,14.328366,1026,takeoff,N-SE,47
99999,Postkogel,47.933982,14.332040,810,takeoff,W-N,47
155,Ternberg,47.934416,14.350026,360,landing,,47
1132,Schnifis,47.228285,9.739463,1310,takeoff,SE-SW,48
1126,Alpila,47.230553,9.747815,1587,takeoff,SE-SW,48
1158,Schnifis Plateau,47.213889,9.734167,700,landing,,48
1159,Sportplatz,47.213611,9.730000,660,landing,,48
1164,Schnifis Ried (main landing),47.210541,9.723478,600,landing,,48
1013,Gelderkogel,47.303835,15.479189,1130,takeoff,SE-SW,49
1028,Gelderkogel,47.293553,15.488901,734,landing,,49
168,Grünberg,47.898419,13.817762,960,takeoff,SW-WNW,50
158,Grünberg,47.915858,13.812122,460,landing,,50
291,Zwölferhorn,47.742614,13.352010,1500,takeoff,NNW-NE,51
289,Zwölferhorn,47.743744,13.358761,1370,takeoff,E-SE,51
274,Zwölferhorn,47.767198,13.358315,605,landing,,51
140,Muckenkogel,47.986466,15.599380,1035,takeoff,N-NE,52
141,Muckenkogel,47.985207,15.601030,1090,takeoff,NW-N,52
144,Muckenkogel,47.977914,15.608538,1200,takeoff,E,52
145,Muckenkogel,47.977138,15.608485,1200,takeoff,SW-W,52
147,Muckenkogel,47.970123,15.608890,1280,takeoff,SSE-SW,52
146,Muckenkogel,47.970621,15.613912,1280,takeoff,NNE-NE,52
135,Lilienfeld,48.005238,15.603363,420,landing,,52
152,Mauthof,47.939248,15.597797,460,landing,,52
999910,Hohe Salve,47.464299,12.202732,1760,takeoff,SE-ENE,53
676,Hopfgarten,47.445058,12.157909,600,landing,,53
567,Söll,47.500437,12.194709,700,landing,,53
978,Schmittenhöhe,47.330004,12.738598,1940,takeoff,SE-S,54
960,Schmittenhöhe,47.328489,12.737136,1950,takeoff,ESE-SE,54
957,Schmittenhöhe,47.329300,12.736939,1950,takeoff,W-NNW,54
952,Schmittenhöhe,47.330004,12.738598,1940,takeoff,E-ESE,54
1036,Schmittenhöhe,47.287662,12.746280,760,landing,,54
655,Stoderzinken,47.457500,13.819028,1860,takeoff,S-SW,55
650,Stoderzinken,47.459457,13.827999,2015,takeoff,NW-N,55
652,Stoderzinken,47.458759,13.827195,2010,takeoff,SE-SW,55
653,Stoderzinken,47.458648,13.823862,2010,takeoff,SW-W,55
667,Stodermaut,47.448933,13.867687,844,landing,,55
1237,Finkenberg,47.168451,11.802778,2020,takeoff,SE-S,56
1236,Finkenberg,47.169144,11.799064,2074,takeoff,SW-W,56
1225,Penken,47.176111,11.816667,1980,takeoff,NE-SE,56
999911,Blick Stilluptal,47.171268,11.810085,2027,takeoff,E-S,56
1260,Finkenberg,47.153588,11.820281,920,landing,,56
1246,Edenlehen,47.161773,11.853658,650,landing,,56
232,Feuerkogel,47.814261,13.721571,1575,takeoff,E-SE,57
228,Feuerkogel,47.816506,13.719419,1595,takeoff,N-NE,57
251,Ebensee,47.801645,13.785108,436,landing,,57
175,Hirschwaldstein ,47.886367,14.163877,960,takeoff,W-NW,58
178,Hirschwaldstein ,47.884622,14.158392,790,takeoff,WSW-NW,58
173,Hirschwaldstein,47.889389,14.141778,490,landing,,58
758,Choralpe,47.419106,12.243839,1800,takeoff,SW-W,59
751,Choralpe,47.421103,12.245327,1755,takeoff,NE-SE,59
750,Choralpe,47.421433,12.245285,1734,takeoff,N-NE,59
746,Westendorf,47.422424,12.220143,1010,takeoff,NW,59
719,Westendorf,47.428584,12.212759,790,landing,,59
106,Marsbach,48.462906,13.817336,540,takeoff,S-WSW,60
109,Marsbach,48.459587,13.814940,295,landing,,60
110,Marsbach,48.449317,13.828053,280,landing,,60
1117,Fulseck,47.235340,13.147437,2000,takeoff,W-NW,61
1116,Fulseck,47.235592,13.148220,2000,takeoff,E-SE,61
1111,Fulseck,47.237150,13.148360,1980,takeoff,W-NW,61
1120,Fulseck,47.233615,13.148661,2015,takeoff,E-SE,61
1107,Fulseck Mittelstation,47.240284,13.126615,1510,takeoff,W-N,61
1086,Fulseck Meierhofen,47.250528,13.102417,820,landing,,61
1095,Fulseck Dorfgastein,47.245409,13.108706,860,landing,,61
1142,Fulseck,47.225213,13.109004,830,landing,,61
1153,Melchboden,47.218992,11.824621,2010,takeoff,NE-SE,62
1152,Melchboden,47.219235,11.822754,2040,takeoff,SE-SW,62
1167,Brindlingalm,47.209136,11.833957,1715,takeoff,SE-SW,62
999912,Nasenalm,47.210550,11.836771,1654,takeoff,S,62
1188,Perler,47.200342,11.846003,1125,takeoff,E-S,62
1207,Hippach,47.187975,11.864686,600,landing,,62
1203,Sidann,47.190095,11.860242,620,landing,,62
805,Holzbauer,47.397929,15.078611,950,takeoff,SE-S,63
826,Leoben,47.386234,15.082985,620,landing,,63
1498,Zettersfeld,46.874947,12.787877,2200,takeoff,E-W,64
1526,Lienz,46.837445,12.782971,670,landing,,64
165,Schoberstein,47.904891,14.325222,1240,takeoff,E-SW,65
169,Schoberstein,47.891326,14.307940,550,landing,,65
159,Schoberstein,47.912665,14.344356,660,landing,,65
1625,Golzentipp,46.719524,12.625096,2010,takeoff,SE-SW,66
1622,Golzentipp,46.726763,12.619264,2070,takeoff,S-W,66
1633,Obertilliach,46.706014,12.611740,1411,landing,,66
712,Markbachjoch,47.432061,12.093954,1430,takeoff,NW-NE,67
714,Markbachjoch,47.431945,12.091468,1425,takeoff,N-NE,67
697,Markbachjoch,47.438122,12.108839,1230,takeoff,NW-NE,67
731,Rosskopf,47.425565,12.069964,1710,takeoff,N-NE,67
670,Niederau,47.447202,12.093544,840,landing,,67
672,Niederau,47.446752,12.100303,860,landing,,67
9591,Brauneck,47.663456,11.522737,1535,takeoff,S,68
9590,Brauneck,47.663425,11.521860,1540,takeoff,W-NW,68
9589,Brauneck,47.663889,11.526111,1510,takeoff,NE-SE,68
9584,Brauneck,47.667150,11.538468,1330,takeoff,N-NE,68
9580,Lenggries,47.674023,11.557489,715,landing,,68
9571,Lenggries,47.679386,11.558641,700,landing,,68
9592,Wallberg Alm,47.663397,11.794381,1635,takeoff,SW-N,69
9596,Wallberg Kircherl,47.661047,11.790737,1580,takeoff,NW-NE,69
9572,Wallberg an der Wallbergstraße,47.676098,11.770160,750,landing,,69
9469,Hochries,47.747324,12.248730,1530,takeoff,W-N,70
9463,Hochries,47.748221,12.250773,1520,takeoff,NW-NE,70
9415,Hochries,47.770661,12.232135,685,landing,,70
9413,Hochries HG,47.775142,12.229252,660,landing,,70
7528,Rammelsberg,51.889874,10.430977,600,takeoff,NW-N,71
7530,Rammelsberg,51.887391,10.429943,611,takeoff,SW,71
7524,Rammelsberg,51.894977,10.428494,350,landing,,71
8775,Osser,49.204212,13.099105,1165,takeoff,S-W,72
8777,Osser,49.202076,13.064119,650,landing,,72
9713,Tegelberg,47.559823,10.779813,1685,takeoff,NW-N,73
9708,Tegelberg,47.563504,10.782966,1510,takeoff,W-N,73
9699,Tegelberg,47.568060,10.780548,1310,takeoff,SW-W,73
9695,Tegelberg,47.570618,10.756183,810,landing,,73
9815,Osterfelder,47.438131,11.050003,2050,takeoff,E-S,74
9813,Osterfelder,47.439688,11.052259,2020,takeoff,N-NE,74
9809,Kreuzeck,47.452482,11.068466,1640,takeoff,N-NE,74
9808,Kreuzjoch,47.452778,11.079917,1690,takeoff,NW-N,74
9806,Tröglhang,47.455716,11.081294,1534,takeoff,NW-N,74
9786,Osterfelder,47.474311,11.060266,740,landing,,74
8975,Hausstein,48.870952,13.073238,876,takeoff,E-SE,75
8978, Böhaming,48.861561,13.080221,530,landing,,75
16744,Skrzyczne,49.687887,19.031636,1190,takeoff,NE-E,76
16743,Skrzyczne,49.688256,19.030860,1185,takeoff,NW-N,76
16737,Skrzyczne,49.703504,19.010667,570,landing,,76
16720,Żar,49.786692,19.224711,750,takeoff,S-N,77
16723,Żar,49.772609,19.220811,385,landing,,77
16675,Mieroszów,50.673017,16.209650,610,takeoff,S-SW,78
16676,Mieroszów,50.671216,16.208484,560,landing,,78
16742,Szczebel,49.689508,20.009618,965,takeoff,N-E,79
16748,Szczebel,49.681428,20.055097,380,landing,,79
16724,Ciecien,49.772452,20.141149,810,takeoff,SW-W,80
16721,Ciecien,49.786107,20.127028,420,landing,,80
16674,Andrzejówka,50.692313,16.276040,815,takeoff,W-N,81
16671,Andrzejówka,50.696432,16.276624,690,landing,,81
23162,Kühboden,46.414405,8.107923,2160,takeoff,SE-S,82
23160,Kühboden,46.415763,8.106755,2273,takeoff,E-SE,82
23184,Galvera,46.404897,8.096215,2174,takeoff,SE-SW,82
23154,Fieschertal,46.420646,8.145128,1100,landing,,82
23179,Fiesch Lischa,46.409249,8.137262,1060,landing,,82
21616,Weissenstein,47.250945,7.509755,1260,takeoff,SE-S,83
21612,Röti,47.258101,7.527691,1390,takeoff,NW-NE,83
21627,Hoggen,47.233387,7.494788,610,landing,,83
22280,Brunnihütte,46.842706,8.410117,1870,takeoff,SW-W,84
22281,Schönegg,46.842127,8.415756,2060,takeoff,SE-SW,84
22286,Schönegg,46.841082,8.415175,1990,takeoff,S-SW,84
22291,Brändlen,46.838124,8.412209,1850,takeoff,SW-W,84
22296,Ruchweg,46.836247,8.419241,1700,takeoff,SE-SW,84
22342,Engelberg,46.817682,8.409441,1015,landing,,84
22606,Howald,46.713799,7.823946,1580,takeoff,SE-S,85
22628,Beatenberg,46.702418,7.822205,1330,takeoff,SE-S,85
22632,Bergbo,46.700384,7.820625,1280,takeoff,SE-S,85
22658,Lehn,46.680839,7.823751,565,landing,,85
22653,Höhenmatte,46.686156,7.858616,565,landing,,85
22701,Grindelwald First,46.657582,8.055204,2126,takeoff,SE-SW,86
22691,Oberjoch,46.663788,8.054913,2300,takeoff,SE-SW,86
22753,Bodmi,46.628863,8.043088,1130,landing,,86
22775,Grund,46.620213,8.029434,950,landing,,86
22300,Marbachegg,46.834733,7.904567,1480,takeoff,SW-NW,87
22309,Marbachegg,46.832532,7.902812,1480,takeoff,SE-SW,87
22283,Marbach Laui,46.841546,7.885275,930,landing,,87
22270,Marbach Sporting,46.848918,7.894386,890,landing,,87
22264,Marbach Dorf (Kirche),46.852163,7.900221,875,landing,,87
22226,Marbachegg,46.865100,7.904631,840,landing,,87
22353,Bumbach,46.813949,7.908653,945,landing,,87
22354,Bumbach,46.813853,7.904438,950,landing,,87
22356,Bumbach,46.813357,7.893689,915,landing,,87
999927,Bumbach,46.865100,7.904631,840,landing,,87
22350,Bumbach,46.814437,7.900737,940,landing,,87
23396,Vercorin,46.229352,7.528498,2330,takeoff,S-E,88
23382,Sigeroulaz,46.240637,7.526651,1915,takeoff,NW-N,88
23350,Chalais Poulaillers,46.271511,7.513128,515,landing,,88
22729,Niesen,46.644081,7.648422,2300,takeoff,SE-SW,89
22730,Niesen,46.643847,7.644818,2280,takeoff,SW-W,89
22735,Schwandegg,46.642318,7.663287,1700,takeoff,SE-SW,89
22713,Bad-Heustrich Emdtal,46.653330,7.684041,700,landing,,89
21591,Ebenalp ,47.284198,9.410357,1600,takeoff,NW-N,90
21590,Ebenalp ,47.285066,9.411575,1600,takeoff,N-NE,90
21595,Ebenalp ,47.283240,9.412678,1600,takeoff,SE-S,90
21593,Wasserauen ,47.283719,9.427017,880,landing,,90
21699,Zugerberg,47.148114,8.535791,950,takeoff,SW-NW,91
21698,Oberwil,47.149835,8.513634,460,landing,,91
23539,Savoleyres,46.119431,7.209649,2360,takeoff,SE-S,92
23533,Savoleyres,46.121847,7.219323,2295,takeoff,SE-S,92
23535,Croix de Coeur,46.121359,7.232319,2150,takeoff,SE-SW,92
999913,Mayen du Bry,46.109082,7.214584,1825,takeoff,SE-S,92
23558,Les Attelas,46.103013,7.266115,2680,takeoff,SW-W,92
23566,Les Ruinettes,46.090357,7.251430,2170,takeoff,SW-NW,92
23569,Fontanet,46.084088,7.258750,2320,takeoff,W,92
23560,Verbier,46.102340,7.218343,1515,landing,,92
23555,Les Essert,46.107639,7.236253,1700,landing,,92
23583,Champsec,46.059318,7.236539,920,landing,,92
23575,Montagnier,46.072205,7.226195,865,landing,,92
23573,Le Chable,46.077969,7.216631,830,landing,,92
21941,Eggli,46.998406,9.690710,1680,takeoff,SE-SW,93
21928,Eggli,47.001300,9.691475,1770,takeoff,SE-S,93
21922,Fanas oberhalb Eggli,47.003236,9.688915,1820,takeoff,S-SW,93
21934,Hoereli,47.000854,9.683884,1790,takeoff,W-NW,93
21935,Hoereli,47.000600,9.684714,1790,takeoff,SE,93
21903,Sassauna,47.011782,9.697242,2280,takeoff,S-SW,93
21919,Stelli,47.005023,9.701280,2000,takeoff,SE-S,93
21944,Aldur,46.995473,9.667196,1350,takeoff,SW,93
21953,Fanas Hof,46.986966,9.660965,970,landing,,93
21974,Grüsch,46.978723,9.656539,615,landing,,93
23427,Cimetta ,46.199869,8.788311,1570,takeoff,SE-SW,94
23426,Cimetta ,46.200764,8.791006,1670,takeoff,S-SW,94
23504,Locarno Maggia Delta,46.153429,8.803749,195,landing,,94
23502,Locarno ex-Aerodromo,46.154907,8.782756,200,landing,,94
23498,Scuole,46.160406,8.794173,200,landing,,94
23211,Riederalp,46.377154,8.030469,1910,takeoff,SE-S,95
999914,Riederalp,46.376072,8.026421,1920,takeoff,S-SW,95
23219,Riederalp,46.373877,8.020588,2000,takeoff,E-SE,95
23272,Bitsch,46.334300,8.017200,700,landing,,95
22604,Mentschelen,46.715555,7.509970,1400,takeoff,N-NE,96
22578,Blumenstein,46.729242,7.518712,740,landing,,96
23100,Metschstand,46.443465,7.496522,2070,takeoff,SW,97
23097,Metschstand,46.444721,7.495474,2100,takeoff,E,97
23106,Gutfläck,46.441306,7.499478,2065,takeoff,SE-S,97
23102,Gutfläck,46.441736,7.498202,2100,takeoff,NE,97
23108,Lenk Rotebach,46.440792,7.457681,1075,landing,,97
22357,Motta Naluns,46.812445,10.273648,2150,takeoff,E-SE,98
22364,Motta Naluns,46.810109,10.272140,2130,takeoff,SE-S,98
22404,Scuol West,46.795012,10.285623,1310,landing,,98
22387,Scuol Ost,46.800694,10.312745,1215,landing,,98
22760,Vounetz,46.625262,7.206100,1600,takeoff,S-W,99
22757,Vounetz,46.626311,7.207784,1620,takeoff,NE,99
22780,Charmey,46.618401,7.169774,880,landing,,99
21536,Balderen,47.322537,8.500834,730,takeoff,NE-SE,100
21534,Ris,47.325499,8.506352,570,landing,,100
21889,Rotenfluh,47.017670,8.700749,1520,takeoff,SE-SW,101
21886,Rotenfluh,47.018443,8.701530,1550,takeoff,S-W,101
21878,Rotenfluh,47.021761,8.704211,1560,takeoff,NW-N,101
21898,Rickenbach,47.012541,8.670133,580,landing,,101
21554,Scheidegg,47.304055,8.943019,1200,takeoff,SW-W,102
21564,Scheidegg,47.294191,8.927337,780,landing,,102
21561,Scheidegg,47.295865,8.920200,690,landing,,102
21533,Oberi Wängi,47.325971,7.627276,955,takeoff,SE-S,103
21551,Matzendorf,47.305276,7.633641,495,landing,,103
21548,Aedermannsdorf,47.308309,7.611472,555,landing,,103
22301,Crap Sogn Gion,46.834699,9.216587,2200,takeoff,N-NE,104
22303,Crap Sogn Gion,46.834039,9.215672,2200,takeoff,SE-SW,104
22321,Murschetg,46.825573,9.254275,1200,landing,,104
22454,Schluein,46.781046,9.220861,700,landing,,104
22039,Braunwald Kiosk,46.938355,8.998003,1230,takeoff,E-S,105
22005,Gumengrat,46.959889,8.987412,2060,takeoff,SE-SW,105
999915,Gumen Bergstation,46.955433,8.984519,1870,takeoff,SE-SW,105
22049,Linthal,46.931321,9.006850,630,landing,,105
21605,Niederwiler,47.271302,7.556011,1175,takeoff,NW-N,106
21606,Niederwiler,47.270404,7.561124,1185,takeoff,SE,106
21610,Glutzenberg,47.262093,7.571765,700,landing,,106
22192,Büelen,46.880967,8.365498,1100,takeoff,NE-E,107
22189,Fallenbach,46.882922,8.376699,545,landing,,107
22260,Mauborget,46.854299,6.612120,1180,takeoff,SE-S,108
22308,Fontaines sur Grandson,46.832631,6.616151,580,landing,,108
22619,Disentis,46.706553,8.799194,2155,takeoff,SE,109
22617,Caischavedra,46.707782,8.800630,2220,takeoff,SE-SW,109
22610,Lai Alv,46.711575,8.789373,2480,takeoff,E-S,109
22635,Disentis,46.697803,8.842000,1230,landing,,109
23418,Mornera,46.205777,8.985846,1390,takeoff,SE-SW,110
22992,Tschenten Alp,46.497259,7.541656,2030,takeoff,S-SW,111
22990,Tschenten Alp,46.497383,7.542035,2030,takeoff,N,111
22983,Tschentenegg,46.498947,7.546452,1921,takeoff,SE-S,111
23016,Adelboden Dorf,46.488699,7.561905,1260,landing,,111
23545,Monte Tamaro,46.116839,8.894167,1515,takeoff,E-SE,112
23554,Monte Tamaro,46.107667,8.880422,1890,takeoff,SE-S,112
23526,Rivera,46.127041,8.920635,470,landing,,112
23553,Bironico,46.112011,8.930915,450,landing,,112
21571,Kronberg ,47.291360,9.328859,1650,takeoff,S-SW,113
21568,Kronberg ,47.291556,9.326925,1640,takeoff,SW-NW,113
21567,Kronberg ,47.291728,9.328951,1640,takeoff,NW-NE,113
21566,Kronberg ,47.292608,9.333145,1637,takeoff,NW-N,113
22028,Niederbauen,46.946718,8.536104,1570,takeoff,NW-N,114
22010,Berggrind,46.957958,8.516688,790,landing,,114
22012,Schluessel,46.957441,8.517119,780,landing,,114
22017,Emmetten Gruob,46.955530,8.520685,760,landing,,114
23030,Pléiades,46.482836,6.907350,1310,takeoff,SW-NW,115
23034,Lally,46.478939,6.909954,1290,takeoff,SE-SW,115
23058,Blonay,46.467369,6.892712,615,landing,,115
23074,Chailly sur Clarens,46.455837,6.885530,450,landing,,115
22913,Lévanchy,46.545129,7.113565,1400,takeoff,NW-N,116
22918,Merlas,46.544357,7.118970,1740,takeoff,NW-N,116
22912,Grandvillard,46.545510,7.092658,740,landing,,116
22482,Le Suchet,46.770089,6.467202,1580,takeoff,NE-SW,117
22457,Côtelette ,46.779790,6.484917,1300,takeoff,E-SE,117
22463,Baulmes,46.777109,6.511340,615,landing,,117
21909,Pizol Furt,47.010074,9.424378,1300,takeoff,NE,118
21917,Pizol Furt,47.006305,9.422594,1440,takeoff,NE,118
21915,Garmil,47.007392,9.401989,200,takeoff,NE-E,118
21964,Muggerchamm,46.980986,9.418063,2200,takeoff,N-NE,118
21966,Pizolbahn,46.980020,9.415378,2230,takeoff,N-NE,118
21975,Pizol,46.978325,9.420629,2200,takeoff,S,118
21965,Pizol Bergstation Wangs,46.980178,9.436175,2220,takeoff,N-NE,118
21972,Pizol Laufböden,46.979162,9.436514,2200,takeoff,SE-S,118
21960,Zaunzegg,46.984523,9.455798,1940,takeoff,NE,118
21948,Ob Saess,46.990411,9.458701,1700,takeoff,N,118
21842,Wangs,47.039054,9.431682,485,landing,,118
21510,Hohwacht,47.376288,7.673723,1060,takeoff,NW-NE,119
21508,Lauwil,47.387511,7.675902,650,landing,,119
22954,Bertolin Du Lèi,46.511967,8.819953,2300,takeoff,S-SW,120
22974,Carì,46.504888,8.822037,2000,takeoff,SE-SW,120
22996,Carì,46.495130,8.823846,1700,takeoff,S,120
23047,Faido,46.473667,8.809609,730,landing,,120
22611,Niederhorn,46.711256,7.778218,1945,takeoff,SE-W,121
23158,Sonchaux,46.418196,6.951088,1400,takeoff,S-W,122
23155,Sonchaux,46.418958,6.950767,1400,takeoff,NW-N,122
23204,Villeneuve Rennaz,46.387198,6.923379,375,landing,,122
21652,Hüsliberg,47.189700,9.074875,1020,takeoff,S-W,123
21656,Rufi,47.183414,9.047528,430,landing,,123
22110,Brändlen,46.905000,8.409611,1240,takeoff,W-NW,124
22119,Brändlen,46.902543,8.409769,1215,takeoff,S-SW,124
22108,Wolfenschiessen,46.905317,8.398319,515,landing,,124
21572,Schwängimatt ,47.291340,7.678437,1040,takeoff,NW-N,125
21577,Schwängimatt ,47.288986,7.674578,1030,takeoff,N,125
21581,Chutz,47.287703,7.671097,1110,takeoff,S-SW,125
21600,Chutz,47.275264,7.694094,470,landing,,125
21547,Schaubenmatt ,47.309588,7.667775,490,landing,,125
23120,Wispile,46.437148,7.293444,1926,takeoff,NE-SE,126
23111,Wispile,46.439969,7.292208,1900,takeoff,W-NW,126
23110,Wispile,46.440619,7.292515,1890,takeoff,NW-NE,126
23121,Lauenen,46.436917,7.310473,1185,landing,,126
21925,Rütiberg,47.002236,7.644627,750,takeoff,NE-E,127
21665,Le Cernil,47.173249,7.138212,1125,takeoff,NW-N,128
21653,Corgémont ,47.187500,7.144722,720,landing,,128
22887,Mürren ,46.556936,7.872695,2100,takeoff,SE-S,129
22891,Stechelberg,46.555988,7.902348,860,landing,,129
23587,Monte Lema,46.039812,8.831931,1600,takeoff,E-SW,130
23595,Migliela,46.025818,8.859418,700,landing,,130
22473,Jakobshorn,46.772824,9.845847,2500,takeoff,SE-W,131
22497,Jakobshorn,46.766243,9.850869,2500,takeoff,SW,131
22455,Brämabüel,46.780322,9.849611,2490,takeoff,W-W,131
22445,Brämabüel,46.785800,9.846770,2290,takeoff,NW-NE,131
22436,Davos Carjöl,46.787295,9.818162,1535,landing,,131
22423,Davos Bolgen,46.789440,9.821545,1535,landing,,131
22693,Schynige Platte,46.662546,7.901102,1570,takeoff,W-NW,132
22670,Wilderswil,46.675212,7.875747,580,landing,,132
999916,Da Moni Monitone,45.803333,11.744444,550,takeoff,SE-S,133
12228,Antenne Costalunga,45.811917,11.745105,750,takeoff,E-SE,133
12216,Chalet Stella Alpina,45.819449,11.763204,715,takeoff,SE-SW,133
12210,Tappeti,45.823497,11.768683,840,takeoff,SE-SW,133
12201,Casette,45.828177,11.768145,980,takeoff,SW-W,133
12162,Panettone,45.861475,11.803933,1560,takeoff,SE-SW,133
12185,Colle Campeggia,45.836998,11.748899,1090,takeoff,SE-S,133
12239,Paradiso,45.808063,11.770292,185,landing,,133
12243,Garden Relais,45.806509,11.785351,160,landing,,133
12193,Monte Cornizzolo,45.832882,9.293658,1020,takeoff,SE-SW,134
12192,Monte Cornizzolo,45.833069,9.302054,1030,takeoff,SE-SW,134
12191,Monte Cornizzolo,45.833510,9.308568,1005,takeoff,SE-SW,134
12218,Suello,45.817300,9.318606,230,landing,,134
11813,Monte Valinis,46.230737,12.806406,1000,takeoff,S-SW,135
11826,Agriturismo Ai Pradons,46.209284,12.813158,270,landing,,135
11833,Castell Toppo,46.205292,12.819000,275,landing,,135
13137,Norma,41.591193,12.957220,440,takeoff,SW-NW,136
13140,Norma,41.581466,12.942120,40,landing,,136
11794,Monte Quarnan,46.273538,13.175293,1170,takeoff,SE-SW,137
11795,Garzette,46.269270,13.174135,860,takeoff,SE-SW,137
11796,Gemona,46.267900,13.140200,200,landing,,137
12419,Belice,45.418304,7.641943,940,takeoff,SE-SW,138
12417,Santa Elisabetta,45.438796,7.646923,1400,takeoff,SE-SW,138
12422,Santa Elisabetta,45.403032,7.635445,400,landing,,138
12403,Cima Cavallaria,45.513079,7.798423,1380,takeoff,SE-SW,139
12404,Cima Cavallaria,45.512531,7.803314,1300,takeoff,S-SW,139
12405,Felci,45.506975,7.809888,940,takeoff,SE-S,139
12399,Pian dei Muli,45.520418,7.807523,1450,takeoff,SE-SW,139
12406,Calea,45.498292,7.828241,260,landing,,139
11656,Col Rodella,46.496294,11.752142,2380,takeoff,NE-W,140
11670,Campitello di Fassa,46.476278,11.750586,1440,landing,,140
12099,Monte Nudo,45.922173,8.674063,1065,takeoff,SE-SW,141
12116,Sasso del Ferro,45.911491,8.643254,1050,takeoff,SE-SW,141
12127,Sasso del Ferro,45.897208,8.638753,220,landing,,141
12128,Sasso del Ferro,45.896578,8.643731,220,landing,,141
11997,Monte Avena,46.029956,11.825964,1415,takeoff,E-S,142
11995,Monte Avena,46.030406,11.816368,1440,takeoff,S-SW,142
12022,Feltre Arten,46.004062,11.824494,310,landing,,142
12018,Feltre Pizzeria Tabiá,46.009313,11.861240,290,landing,,142
11996,Feltre Boscherai,46.030039,11.879864,350,landing,,142
12007,Feltre Valentine,46.021150,11.885480,275,landing,,142
12026,Revine Lago,46.002387,12.208345,1100,takeoff,SE-SW,143
12009,Pian delle Femme,46.015751,12.230966,1115,takeoff,SE,143
12047,Lago Fratta,45.977819,12.207369,220,landing,,143
12037,Camping Revine Lago,45.991769,12.235691,225,landing,,143
11982,Monte Panarotta,46.041762,11.317039,1480,takeoff,SE-SW,144
12024,Monte Panarotta,46.002831,11.310339,440,landing,,144
12012,Monte Panarotta,46.012003,11.343111,436,landing,,144
12028,Monte Panarotta,46.000894,11.288078,444,landing,,144
12017,Barco,46.009408,11.333062,430,landing,,144
12202,Delle Piante,45.828138,9.892522,1080,takeoff,S-W,145
12198,Delle Piante,45.829163,9.896308,1140,takeoff,S-SW,145
12203,Roccette,45.827835,9.901116,1150,takeoff,SE-SW,145
12194,Monte Farno,45.832462,9.907288,1300,takeoff,SE-SW,145
12224,Gandino,45.813092,9.891139,515,landing,,145
12225,Monte Farno,45.812394,9.875633,500,landing,,145
12219,Monte Farno,45.816843,9.910405,610,landing,,145
12595,Monte Caio,44.464080,10.160596,1460,takeoff,SE-S,146
12598,Monte Caio,44.438314,10.181453,590,landing,,146
11844,Monte Dolada,46.191864,12.352577,1490,takeoff,SE-SW,147
11890,Pieve d'Alpago,46.158134,12.368729,595,landing,,147
12972,Poggio Bustone,42.514904,12.883212,1230,takeoff,SW-W,148
12978,Monte Rosata,42.493807,12.897408,1000,takeoff,SW-NW,148
12980,Poggio Bustone,42.485007,12.856497,380,landing,,148
12912,Monte Veletta,42.827450,13.195317,1615,takeoff,NW,149
999917,Monte Veletta,42.827451,13.195318,1615,takeoff,SE,149
12921,Fontanile,42.813661,13.176869,1812,takeoff,W-NW,149
999918,Fontanile,42.813662,13.176870,1812,takeoff,SE-SW,149
12923,Fontanile,42.810619,13.175044,1730,takeoff,SW,149
12922,Poggio di Croce,42.810642,13.182670,1640,takeoff,SE-S,149
12950,San Pellegrino,42.764906,13.164369,1300,takeoff,SW-W,149
12940,Tabellone,42.781173,13.160454,1620,takeoff,S-SW,149
12942,Vetosole,42.774732,13.169939,1660,takeoff,SW,149
12945,Inghiottitoio,42.769821,13.180623,1530,takeoff,E,149
12946,Rifugio Perugia,42.767175,13.177917,1500,takeoff,SW-W,149
12949,Rifugio Perugia,42.765404,13.178262,1520,takeoff,SW-W,149
12954,Forca Canapine,42.742022,13.177980,1725,takeoff,SW-W,149
12939,Forca di Presta,42.784972,13.250683,1650,takeoff,W-N,149
12932,Vettoretto,42.799711,13.247578,1500,takeoff,SW-NW,149
12935,La Rotonda,42.798474,13.217282,1358,takeoff,N-NW,149
12908,Veletta,42.836681,13.199284,1361,landing,,149
12916,Veletta,42.820385,13.213784,1300,landing,,149
12925,Fontanile,42.805339,13.197057,1280,landing,,149
12931,La Rotonda,42.800825,13.208475,1280,landing,,149
12937,Inghiottitoio,42.793823,13.181941,1290,landing,,149
12953,Rifugio Perugia,42.753582,13.139628,760,landing,,149
12930,Vettoretto,42.801242,13.242506,1405,landing,,149
12494,Monte S. Giorgio,44.996351,7.447680,810,takeoff,E-SW,150
999919,Monte S. Giorgio,44.996906,7.448042,810,takeoff,NE,150
12498,Piocasso,44.979605,7.448159,290,landing,,150
12500,Piocasso,44.974518,7.445871,280,landing,,150
12496,Garola,44.988968,7.493851,285,landing,,150
12367,Monte Belpo,45.612803,10.747589,665,takeoff,S-SW,151
12375,San Verolo,45.596936,10.737478,250,landing,,151
12376,Monte Belpo (privat),45.596447,10.747589,250,landing,,151
11320,Speikboden,46.915032,11.897283,2400,takeoff,SE-SW,153
11322,Speikboden,46.914408,11.907675,2380,takeoff,SE-SW,153
999920,Speikboden,46.914409,11.907676,2380,takeoff,NE,153
11331,Pitersteiner Alm,46.908602,11.911991,2040,takeoff,SE,153
11325,Sand in Taufers,46.912212,11.961217,860,landing,,153
12385,Monte Maddalena,45.548697,10.285822,850,takeoff,NE-SE,154
12390,Monte Maddalena,45.537100,10.270608,620,takeoff,S-SW,154
12389,Monte Maddalena,45.538527,10.272084,680,takeoff,SE,154
12393,Monte Maddalena,45.525464,10.256994,125,landing,,154
11421,Kronplatz,46.741344,11.955815,2215,takeoff,NW-NE,155
11426,Kronplatz,46.738676,11.955934,2260,takeoff,W-NW,155
11425,Kronplatz,46.739809,11.958941,2260,takeoff,NW-NE,155
11428,Kronplatz,46.737871,11.959239,2260,takeoff,SE-S,155
11412,Kronplatz Talstation,46.773282,11.938923,950,landing,,155
11456,Kronplatz,46.706031,11.930925,1260,landing,,155
12847,Monte Cucco,43.356697,12.749912,1185,takeoff,SW,156
12846,Monte Cucco,43.360019,12.728325,900,takeoff,SW,156
12848,Monte Cucco,43.356004,12.771558,1130,takeoff,NE,156
12851,Sigillo,43.344901,12.725632,490,landing,,156
12310,Sale Marasino,45.724263,10.146428,1115,takeoff,SW,157
12318,Sale Marasino_Lago d'Iso,45.711944,10.110725,190,landing,,157
13065,Monte Ripoli,41.941521,12.807091,510,takeoff,SW-W,158
13062,Monte Ripoli,41.942567,12.808347,520,takeoff,NE,158
13064,Monte Ripoli,41.941872,12.783119,95,landing,,158
13070,Monte Ripoli,41.920111,12.812361,210,landing,,158
12236,Monte Alpo,45.809697,10.576386,1490,takeoff,SE-SW,159
12242,Alpo Baitoni,45.806543,10.528532,390,landing,,159
13106,San Donato,41.741413,13.743694,1160,takeoff,S-SW,160
13110,San Donato,41.726842,13.749383,970,takeoff,SE,160
13109,San Donato,41.733557,13.772412,1535,takeoff,S,160
13112,San Donato,41.725935,13.788532,1150,takeoff,SW,160
13108,Forca d'Acero,41.736518,13.807997,1455,takeoff,SE,160
13117,Campo Guerrano,41.701944,13.780278,430,landing,,160
12271,Caltrano,45.779494,11.502322,710,takeoff,SE-S,161
12258,Foraoro,45.789342,11.482561,1295,takeoff,SE-SW,161
12289,Chuppano,45.765193,11.476914,230,landing,,161
11816,Bernadia,46.225611,13.262694,715,takeoff,SE-SW,162
11821,Torlando,46.216231,13.273162,230,landing,,162
12278,Monte Baldo,45.773423,10.862960,1700,takeoff,SW-NW,163
12273,Monte Baldo,45.777028,10.863412,1730,takeoff,N-E,163
12328,Prada,45.680379,10.815747,1800,takeoff,W,163
12331,Prada,45.679206,10.816554,1800,takeoff,E-S,163
12266,Malcesine,45.782222,10.817778,70,landing,,163
12352,Colonei,45.651584,10.814777,1360,takeoff,SE,164
12354,Colonei,45.647506,10.809945,1350,takeoff,SE,164
12443,Rocca Canavese,45.327454,7.572553,910,takeoff,SE-SW,165
12445,Monte Soglio,45.309075,7.589176,390,landing,,165
11888,Cima Due,46.162624,8.475365,1780,takeoff,S-SW,166
11884,Piana di Vigezzo,46.164114,8.484867,1690,takeoff,SE-S,166
11878,Frascella,46.166946,8.492633,1860,takeoff,E-SE,166
11869,Cima Trubbio,46.173018,8.495324,2015,takeoff,SE-SW,166
11915,Piana di Vigezzo,46.133784,8.450598,810,landing,,166
999921,Brosso,45.488313,7.801368,800,takeoff,SE,167
11973,Alpe Giumello,46.045330,9.356230,1540,takeoff,S-SW,168
11972,Alpe Giumello,46.046566,9.368990,1560,takeoff,SE-S,168
11966,Monte Croce di Muggio,46.050417,9.357300,1760,takeoff,S-SW,168
12010,Alpe Giumello,46.013865,9.367718,430,landing,,168
12585,Col di Liretta,44.499047,7.381950,1070,takeoff,SE-S,169
12583,Monte San Bernardo,44.507711,7.346767,1540,takeoff,SE-SW,169
12587,Col di Liretta,44.486167,7.393396,600,landing,,169
12270,Valcava,45.779633,9.510292,1200,takeoff,S-SW,170
12269,Valcava,45.780627,9.522460,1370,takeoff,S,170
12294,Valcava,45.758200,9.493950,420,landing,,170
11944,Antenne Castaldia,46.087408,12.530311,1075,takeoff,SE-S,171
11948,Bornass,46.080918,12.540786,780,takeoff,S,171
11935,Roccioni,46.097948,12.545106,1170,takeoff,NE-E,171
11962,Aviano,46.057073,12.548517,160,landing,,171
12533,Ca' del Monte,44.818368,9.071098,675,takeoff,W,172
12536,Ca' del Monte,44.816454,9.073320,680,takeoff,SW,172
12530,Ca' del Monte,44.824397,9.062453,425,landing,,172
12531,Ca' del Monte,44.820595,9.055577,390,landing,,172
12538,Brignano,44.810634,9.048949,300,landing,,172
12809,Valdarno,43.701460,11.556205,1060,takeoff,W-NW,173
12808,Massanera,43.701614,11.530048,540,landing,,173
12810,Valdarno,43.673941,11.525274,333,landing,,173
12807,San Donato Fronzano,43.707449,11.517766,415,landing,,173
13025,Tocco da Casauria,42.192734,13.907800,610,takeoff,N-E,174
13023,Tocco da Casauria,42.198122,13.908730,460,landing,,174
13022,Tocco da Casauria,42.202258,13.919360,340,landing,,174
12614,Orero,44.401926,9.285223,575,takeoff,SW,175
12620,Pian di Corgeglia,44.387353,9.279581,50,landing,,175
12623,Soglio,44.376792,9.289358,45,landing,,175
12608,Monfestino,44.426160,10.825721,760,takeoff,E-SE,176
12606,Monfestino,44.427706,10.825891,760,takeoff,NE,176
12600,Monfestino,44.432811,10.839558,450,landing,,176
12298,Monte Tovo,45.752761,8.221945,1240,takeoff,SE-S,177
12284,Doccio,45.768451,8.263079,390,landing,,177
12458,Val della Torre,45.160384,7.461839,900,takeoff,SW,178
12457,Val della Torre,45.161857,7.463480,975,takeoff,SE-S,178
12456,Monte Rossell Cima,45.165911,7.465051,1100,takeoff,E-S,178
12466,Val della Torre,45.148190,7.463055,430,landing,,178
12465,Val della Torre,45.150386,7.451168,460,landing,,178
12377,Muanda,45.595276,7.970669,1150,takeoff,E-S,179
12373,Muanda,45.600100,7.964457,1460,takeoff,E-SW,179
12379,Galfione Praponte,45.572889,7.995726,570,landing,,179
11429,Hirzer,46.735526,11.251907,2080,takeoff,SW-W,180
11431,Hirzer Mittelstation,46.733507,11.227699,1390,takeoff,SW-W,180
11422,Hirzer ,46.741006,11.230054,1470,landing,,180
11423,Quellenhof,46.740885,11.203744,500,landing,,180
12265,Monte Rena,45.783359,9.800148,1110,takeoff,SE-SW,181
999922,Amora,45.783600,9.779617,850,takeoff,S,181
12287,Albino,45.767567,9.798072,390,landing,,181
19107,Kobala,46.181194,13.779242,1060,takeoff,E-W,182
19100,Kobilja Glava,46.190589,13.795985,1475,takeoff,S-W,182
19103,Tolmin,46.185255,13.722335,150,landing,,182
19197,Lijak,45.963566,13.723545,590,takeoff,S-W,183
19198,Ajsevica,45.947546,13.711404,65,landing,,183
19201,Lijak Camping,45.942800,13.719477,65,landing,,183
19043,Stol,46.272880,13.473253,1400,takeoff,SE-SW,184
19050,Kobariski Stol Breginj,46.260922,13.431425,550,landing,,184
19067,Kobariski Stol Robic,46.245997,13.514817,240,landing,,184
19068,Kobariski Stol Podbela,46.245578,13.456158,300,landing,,184
5236,Col de La Forclaz,45.814184,6.246918,1290,takeoff,SW-NW,185
5736,St Hilaire,45.306839,5.887796,900,takeoff,E-SE,186
5732,St Hilaire,45.310432,5.890588,950,takeoff,SE-S,186
5740,Lumbin,45.302081,5.906187,240,landing,,186
6664,St. Andre,43.978359,6.479878,1570,takeoff,SW-W,187
6665,St. Andre,43.976868,6.491306,1525,takeoff,E-S,187
6670,Camping de Moriez,43.961558,6.477116,945,landing,,187
6671,Base des Iscles,43.959238,6.509101,890,landing,,187
5196,Planfait,45.853184,6.223013,950,takeoff,SW-NW,188
5203,Planfait,45.848768,6.213774,560,landing,,188
6793,L'Embarnier,43.725519,6.947159,1095,takeoff,SE,189
6794,L'Embarnier,43.722972,6.943950,1120,takeoff,SE,189
6784,Cavillore,43.729468,6.975174,1015,takeoff,S-SW,189
6803,Kennedy,43.704167,6.980838,590,takeoff,SE-S,189
6813,La Valette,43.700193,7.005651,140,landing,,189
6791,Domaine de St Ambroise,43.726043,6.959476,835,landing,,189
6788,Cavillore,43.727200,6.969240,870,landing,,189
6786,Gourdon Top,43.727258,6.946547,1110,landing,,189
4522,Le Treh Markstein,47.925513,7.010918,1200,takeoff,S-W,190
4536,Le Treh Siebach,47.903314,6.992059,670,takeoff,SW-W,190
4526,La Breymatt Oderen,47.917878,6.965826,470,landing,,190
4540,Fellereing Aérotec,47.901345,6.982632,444,landing,,190
5112,Le Brèvent,45.936847,6.851172,200,takeoff,S-SW,191
5111,Chamonix,45.938368,6.851872,2035,takeoff,NE-E,191
5119,Le Brèvent,45.931571,6.881178,1050,landing,,191
5120,Bois du Bouchet,45.929632,6.876633,1040,landing,,191
5122,Le Brèvent,45.927618,6.868245,1050,landing,,191
5491,Montlambert,45.552883,6.104744,880,takeoff,E-SE,192
5511,Montlambert,45.541477,6.117805,280,landing,,192
6145,Puy Aillaud,44.850275,6.478213,1660,takeoff,E-SE,193
6137,Mont Pelvoux,44.857237,6.460051,2200,takeoff,NE-SE,193
6138,Les Alpages,44.852770,6.454095,2220,takeoff,S,193
6129,Pelvoux Station,44.866090,6.484450,1250,landing,,193
6146,Vallouise,44.841877,6.488888,1160,landing,,193
5099,Plaine Joux,45.949609,6.739708,1340,takeoff,SE-SW,194
5121,Plaine Joux,45.928655,6.724678,610,landing,,194
5090,Mont Lachat,45.958267,6.476802,2015,takeoff,S-W,195
5089,Mont Lachat,45.959780,6.476605,2040,takeoff,NE-E,195
5109,La Patinoire,45.940762,6.431897,930,landing,,195
5115,Le Bouchet,45.935665,6.461568,1014,landing,,195
5051,Samoens,46.054004,6.697715,1620,takeoff,NW-N,196
5034,Les Saix,46.081711,6.712603,690,landing,,196
5042,Vallon en Bas,46.072090,6.741276,710,landing,,196
6598,Puncho d'Agast,44.110077,3.103971,822,takeoff,S,197
6600,Puncho d'Agast,44.109890,3.103240,815,takeoff,S,197
6597,Puncho d'Agast,44.110450,3.101219,810,takeoff,SW-NW,197
6595,Puncho d'Agast,44.110963,3.102300,820,takeoff,NW-N,197
6589,Millau Plage,44.114588,3.087285,360,landing,,197
6596,Camping Larriba,44.110714,3.085965,360,landing,,197
6471,Chabre,44.297105,5.761686,1330,takeoff,SE-S,198
6470,Chabre,44.298219,5.766064,1300,takeoff,SE-S,198
6466,Chabre,44.304202,5.779235,1215,takeoff,NW-N,198
6467,Chabre,44.302997,5.776082,1225,takeoff,NW,198
6473,Chabre,44.279700,5.774892,735,landing,,198
6472,Chabre,44.290104,5.767763,990,landing,,198
6458,Chabre,44.319859,5.793175,575,landing,,198
6463,Chabre,44.312153,5.834517,570,landing,,198
6495,Chabre,44.242007,5.844985,540,landing,,198
6477,Chabre,44.262700,5.741200,650,landing,,198
6409,St. Jean,44.403005,6.370290,1900,takeoff,SW-NW,199
6404,St. Jean,44.417564,6.351552,1340,landing,,199
5014,Les Crets,46.130092,6.171747,1245,takeoff,W,200
4998,La Clusaz,46.148710,6.188993,1180,takeoff,W-NW,200
23503,Saleve Telepherique,46.154788,6.194344,1080,takeoff,W-NW,200
5010,Du Coin,46.133900,6.160600,690,landing,,200
4985,Saleve CVLS,46.162293,6.157932,420,landing,,200
4988,Attero du Club,46.161195,6.181629,430,landing,,200
4973,Pont de Zone,46.172489,6.209242,404,landing,,200
6395,St. Vincent Les Forts,44.443333,6.371552,1260,takeoff,SW-NW,201
7187,Val Louron,42.807726,0.377249,1660,takeoff,E-SE,202
7198,Val Louron,42.799212,0.382790,1600,takeoff,NE-SE,202
7199,Val Louron,42.798827,0.395727,1250,takeoff,E,202
7194,Val Louron,42.802619,0.405267,940,landing,,202
999923,Puy de Dôme,45.771622,2.963358,1450,takeoff,N-NW,203
5284,La Tailerie,45.773364,2.985950,900,landing,,203
5293,Col de Ceyssat,45.764097,2.947036,1012,landing,,203
5302,Laschamps,45.748068,2.972311,940,landing,,203
4543,Drumont,47.898488,6.918794,1160,takeoff,NE-E,204
7042,Planot de Loubat,42.969953,0.885847,1085,takeoff,NE-E,205
7055,Cornudère,42.958012,0.890412,1530,takeoff,N,205
7056,Cornudère,42.957327,0.890183,1530,takeoff,S,205
7052,Herran,42.959767,0.913861,1217,takeoff,NW,205
7012,Arbas,42.991256,0.904691,420,landing,,205
4184,Saint-Omer,48.929630,-0.469878,200,takeoff,S-SW,206
4185,Saint-Omer,48.926101,-0.466415,200,takeoff,SW-W,206
4188,Saint-Omer,48.923237,-0.471590,40,landing,,206
4186,Saint-Omer,48.925697,-0.473410,40,landing,,206
6752,Gréolières,43.800460,6.955835,970,takeoff,SE-SW,207
6739,Gréolières,43.816570,6.981756,1700,takeoff,SE-SW,207
6746,Gréolières,43.809853,6.959093,1500,takeoff,SE-SW,207
6747,Gréolières,43.809167,6.960833,1450,takeoff,SE-S,207
6756,Gréolières,43.796041,6.947697,800,landing,,207
6910,Baigura,43.294893,-1.288695,840,takeoff,N-E,208
6912,Baigura,43.293651,-1.289827,840,takeoff,SE,208
6913,Baigura,43.293565,-1.291096,840,takeoff,W-NW,208
6911,Baigura,43.294015,-1.284202,765,takeoff,E-SE,208
999924,Baigura,43.290732,-1.293788,840,takeoff,W-NW,208
6905,Baigura,43.309636,-1.283391,290,landing,,208
5005,Mieussy,46.141792,6.545899,1640,takeoff,S-W,209
5002,Mieussy,46.145776,6.546481,1640,takeoff,W,209
5015,Mieussy,46.128083,6.534979,630,landing,,209
5013,Mieussy,46.130657,6.525965,600,landing,,209
4748,Mont Poupet,46.969302,5.874659,800,takeoff,SW-NW,210
4744,Mont Poupet,46.971573,5.877512,800,takeoff,NW-N,210
4746,Mont Poupet,46.971201,5.868636,630,landing,,210
4753,Mont Poupet,46.962450,5.867860,510,landing,,210
5246,Semnoz,45.804881,6.095235,1445,takeoff,SW-NW,211
5260,Semnoz,45.794133,6.054803,560,landing,,211
5237,Semnoz,45.812375,6.053066,560,landing,,211
5262,Semnoz,45.793577,6.048740,550,landing,,211
3942,Revin,49.948232,4.624654,350,takeoff,SE-S,212
3943,Revin,49.943493,4.626086,130,landing,,212
5654,Malatrait,45.393688,6.106711,1400,takeoff,W-NW,213
5657,Déco,45.392372,6.115248,1560,takeoff,S-SW,213
5661,Super Collet,45.391485,6.124201,1680,takeoff,NW-N,213
5652,Collet d'Allevard Speedriding,45.393907,6.139853,1865,takeoff,SW,213
5666,Les Plagnes,45.385738,6.147681,2050,takeoff,SW,213
5617,Pre Rond,45.422125,6.091633,405,landing,,213
5629,La Mirande,45.412571,6.086625,405,landing,,213
5658,Super Collet,45.392048,6.127994,1660,landing,,213
6522,Bergies,44.203688,5.510726,1340,takeoff,W-NW,214
6523,Bergies,44.203192,5.510812,1340,takeoff,SE-S,214
6511,Bergies,44.220056,5.521727,800,landing,,214
6524,Bergies,44.196861,5.536776,825,landing,,214
7015,Couraduque,42.990253,-0.196549,1375,takeoff,SE-S,215
7040,Aucun,42.971421,-0.185090,840,landing,,215
7041,Picors,42.970516,-0.196168,860,landing,,215
7039,La Licorne,42.972650,-0.186369,845,landing,,215
7301,Mauroux,42.510501,1.989428,2050,takeoff,SE-SW,216
7304,Mauroux,42.50081,1.985778,1665,landing,,216
5425,Aiguebelette,45.601792,5.807355,1125,takeoff,SW-W,217
5448,Marais ,45.576679,5.80094,380,landing,,217
5406,Vérel,45.626753,5.946293,900,takeoff,W-NW,218
5367,Bataillard,45.649782,5.940983,410,landing,,218
5413,Brocolis,45.617659,5.927957,280,landing,,218
5419,Pragondran,45.609703,5.931603,300,landing,,218
6297,La Croupe,44.567802,6.019430,1520,takeoff,SE-SW,219
6283,Col de Guiziere,44.588605,6.042725,1715,takeoff,SE,219
6281,Col de Guiziere,44.591601,6.046108,1660,takeoff,SE,219
6273,Col de Guiziere,44.594728,6.047697,1750,takeoff,SE-NW,219
6269,Rabou,44.595921,6.019465,1250,landing,,219
6299,La Croupe,44.565239,6.007387,1260,landing,,219
6303,La Croupe,44.561588,6.002525,1180,landing,,219
7028,Accous,42.979687,-0.571650,1200,takeoff,SW-NW,220
7034,Accous,42.974912,-0.561247,1190,takeoff,S-SW,220
7046,Aoulet,42.967300,-0.567148,730,landing,,220
7030,La Croix D'Espiat,42.977500,-0.601111,470,landing,,220
20829,Poniente,36.894919,-5.415934,900,takeoff,SW-NW,221
20823,Lijar ,36.903353,-5.407820,870,takeoff,NW,221
20825,Levante,36.898155,-5.394221,1020,takeoff,SE-SW,221
20820,Poniente,36.917449,-5.420710,480,landing,,221
20830,Levante,36.893698,-5.366613,390,landing,,221
20737,Cenes,37.142230,-3.519092,1300,takeoff,SW-NW,222
20739,Cenes,37.141234,-3.515637,1300,takeoff,S,222
20732,Cenes,37.154414,-3.535115,745,landing,,222
20740,El Purche,37.136717,-3.508044,1180,landing,,222
20309,Peña Negra,40.421731,-5.300999,1920,takeoff,NW,223
20298,Peña Negra,40.463032,-5.322516,1065,landing,,223
20658,Pegalajar,37.752185,-3.646149,930,takeoff,NW-N,224
20653,Peña del Águila,37.764309,-3.604663,1245,takeoff,NW,224
20660,Despegue de Sur,37.747574,-3.652439,1075,takeoff,SE,224
20656,Pegalajar,37.760131,-3.643336,780,landing,,224
20657,Pegalajar,37.755294,-3.654601,755,landing,,224
19810,Castejón de Sos,42.533821,0.552104,2300,takeoff,S-SW,225
19806,Castejón de Sos,42.537424,0.543441,2250,takeoff,SW-W,225
19814,Pedras Blancas,42.529999,0.537493,2100,takeoff,W-N,225
19816,Pedras Blancas,42.528480,0.539063,2100,takeoff,SE-SW,225
19815,Castejón de Sos,42.529281,0.525536,1725,takeoff,SW,225
19820,Rials,42.523996,0.500507,1200,takeoff,SW-W,225
19824,Rials,42.521553,0.502045,1200,takeoff,S-SW,225
19822,Liri del Raso,42.522815,0.480836,905,landing,,225
19829,Prado Ral,42.519657,0.488248,910,landing,,225
19831,De La Lleva,42.518786,0.489807,920,landing,,225
20883,El Bosque,36.753857,-5.489613,715,takeoff,SW-W,226
20882,El Bosque,36.757340,-5.491038,635,takeoff,W,226
20897,El Bosque,36.741224,-5.513389,255,landing,,226
20742,Sierra de Loja,37.132637,-4.183858,1220,takeoff,W-NW,227
20735,Loja Norte,37.149278,-4.182129,1015,takeoff,NW-N,227
20730,Loja Norte,37.159400,-4.189100,540,landing,,227
20743,Venta del Rayo,37.132328,-4.212662,640,landing,,227
20335,Pedro Bernardo,40.256644,-4.905536,1255,takeoff,SW-W,228
20337,Pedro Bernardo,40.252477,-4.887892,1020,takeoff,E-SE,228
20345,Gasolinera,40.229277,-4.880595,430,landing,,228
20426,Villar de Arzobispo,39.726128,-0.851117,680,takeoff,E-SE,229
20425,Villar de Arzobispo,39.727482,-0.842405,550,landing,,229
20358,Figueroles,40.138121,-0.225401,690,takeoff,SE-SW,230
20361,Figueroles,40.130913,-0.222459,420,landing,,230
20776,Montellano,37.005422,-5.547091,510,takeoff,NE-E,231
20774,Montellano,37.007285,-5.542673,380,takeoff,NE,231
20773,Montellano,37.0102,-5.5416,310,landing,,231
20563,Palomaret,38.486284,-0.675177,840,takeoff,S-SW,232
20565,Palomaret,38.483350,-0.666424,560,landing,,232
20567,Palomaret,38.475958,-0.681217,515,landing,,232
20568,Palomaret,38.475278,-0.675389,500,landing,,232
19531,Santa Marina de Orozco,43.106414,-2.940459,640,takeoff,NW-NE,233
19532,Santa Marina de Orozco,43.101436,-2.90916,180,landing,,233
20603,El Yelmo,38.253938,-2.658605,1780,takeoff,SW-NW,234
20606,El Yelmo,38.250567,-2.714367,765,landing,,234
20403,Alcúdia,39.835221,3.096204,225,takeoff,NE-E,235
20402,Alcúdia,39.839392,3.106395,5,landing,,235
20404,Alcúdia,39.831281,3.119619,0,landing,,235
19759,Arangoiti,42.644998,-1.187827,1225,takeoff,S,236
19760,Arangoiti,42.644707,-1.196017,1330,takeoff,SE-S,236
19757,Arangoiti,42.647460,-1.194138,1280,takeoff,N,236
19768,Arangoiti,42.627415,-1.163985,600,landing,,236
19771,Arangoiti,42.618947,-1.198352,490,landing,,236
19471,Arrona,43.246067,-2.269681,404,takeoff,NW-N,237
19469,Arrona,43.254513,-2.273413,120,landing,,237
19913,Loarre,42.332417,-0.609076,1250,takeoff,S-SW,238
19932,Loarre,42.313125,-0.616771,820,landing,,238
16811,Larouco,41.879838,-7.720896,1500,takeoff,SE-S,239
16809,Larouco,41.884791,-7.725821,1490,takeoff,W,239
20098,Larouco,41.916535,-7.714404,1254,takeoff,NW-N,239
20096,Larouco,41.933107,-7.717730,830,landing,,239
16814,Larouco,41.856836,-7.711616,1000,landing,,239
16945,Sierra de Estrela,40.536457,-7.443766,1110,takeoff,SW-NW,240
16947,Sierra de Estrela,40.532801,-7.445719,1160,takeoff,SW-NW,240
16943,Linhares,40.549856,-7.456114,680,landing,,240
16955,Manteigas,40.430868,-7.455601,1240,takeoff,S-SW,241
16963,Vale de Amoreira,40.403501,-7.454438,820,takeoff,NE-SE,241
16962,Rio Zezere,40.403549,-7.44269,545,landing,,241
10722,Óbuda,47.555960,19.002686,430,takeoff,NE-E,242
10726,Hármashatárhegy,47.551645,18.988719,420,takeoff,SW-NW,242
10724,Hármashatárhegy,47.555488,18.985989,335,landing,,242
10714,Pilisborosjenö,47.615455,18.983954,285,landing,,242
10720,Óbuda,47.562848,19.013323,150,landing,,242
10700,Csolnok,47.688750,18.708818,290,takeoff,SE-SW,243
10703,Csolnok,47.684731,18.706883,180,landing,,243
10762,Csobánc,46.871710,17.504184,350,takeoff,N-NW,244
10759,Gyulakeszi ,46.874215,17.492275,145,landing,,244
10763,Gyulakeszi ,46.869254,17.507806,250,landing,,244
10713,Vértesszőlős,47.619067,18.408336,425,takeoff,SW-NW,245
10715,Vértesszőlős,47.614751,18.397668,225,landing,,245
10669,Eged,47.928133,20.411503,500,takeoff,SE-NW,246
10672,Eged,47.925447,20.398203,245,landing,,246
10673,Eged,47.920033,20.424792,280,landing,,246
10735,Csákberény,47.34986,18.300244,350,takeoff,S-SW,247
10675,Nyikom,47.909983,19.761144,615,takeoff,SW-NW,248
10674,Nyikom,47.915059,19.747292,340,landing,,248
10686,Sárhegy,47.792691,19.969311,470,takeoff,SE,249
10708,Tardos,47.653301,18.435554,444,takeoff,NE-SE,250
10707,Tardos,47.654151,18.437889,355,landing,,250